{
  "A_baseline": {
    "recall": 0.43633333333333335,
    "mrr": 0.4952222222222222,
    "activation": {
      "total_hits": 500,
      "nonzero_bonuses": 0,
      "distinct_bonus_values": 1,
      "mean": 0.0,
      "std": 0.0,
      "mean_per_query_entropy": 1.0
    }
  },
  "B_ecology": {
    "recall": 0.43633333333333335,
    "mrr": 0.4952222222222222,
    "activation": {
      "total_hits": 500,
      "nonzero_bonuses": 0,
      "distinct_bonus_values": 1,
      "mean": 0.0,
      "std": 0.0,
      "mean_per_query_entropy": 1.0
    },
    "hypotheses": 1372,
    "confirmed": 144,
    "graduated_edges": 288,
    "density": 0.4626506024096385
  },
  "C_ecology_activation": {
    "recall": 0.43633333333333335,
    "mrr": 0.2871666666666666,
    "activation": {
      "total_hits": 500,
      "nonzero_bonuses": 187,
      "distinct_bonus_values": 22,
      "mean": 0.049472,
      "std": 0.066347,
      "mean_per_query_entropy": 0.59
    },
    "hypotheses": 1372,
    "confirmed": 144,
    "graduated_edges": 288,
    "density": 0.4626506024096385
  },
  "D_entity_activation": {
    "recall": 0.43633333333333335,
    "mrr": 0.4952222222222222,
    "activation": {
      "total_hits": 500,
      "nonzero_bonuses": 500,
      "distinct_bonus_values": 2,
      "mean": 0.1498,
      "std": 0.004468,
      "mean_per_query_entropy": 0.3321
    },
    "edge_count": 60166
  }
}