{
  "A_baseline": {
    "recall": 0.43633333333333335,
    "mrr": 0.4952222222222222,
    "activation": {
      "total_hits": 500,
      "nonzero_bonuses": 0,
      "distinct_bonus_values": 1,
      "mean": 0.0,
      "std": 0.0,
      "mean_per_query_entropy": 1.0
    }
  },
  "B_ecology": {
    "recall": 0.43633333333333335,
    "mrr": 0.4952222222222222,
    "activation": {
      "total_hits": 500,
      "nonzero_bonuses": 0,
      "distinct_bonus_values": 1,
      "mean": 0.0,
      "std": 0.0,
      "mean_per_query_entropy": 1.0
    },
    "hypotheses": 1372,
    "confirmed": 131,
    "graduated_edges": 262,
    "density": 0.4208835341365462
  },
  "C_ecology_activation": {
    "recall": 0.43633333333333335,
    "mrr": 0.31390476190476185,
    "activation": {
      "total_hits": 500,
      "nonzero_bonuses": 177,
      "distinct_bonus_values": 28,
      "mean": 0.017256,
      "std": 0.023343,
      "mean_per_query_entropy": 0.5993
    },
    "hypotheses": 1372,
    "confirmed": 131,
    "graduated_edges": 262,
    "density": 0.4208835341365462
  },
  "D_entity_activation": {
    "recall": 0.43633333333333335,
    "mrr": 0.4952222222222222,
    "activation": {
      "total_hits": 500,
      "nonzero_bonuses": 500,
      "distinct_bonus_values": 2,
      "mean": 0.049983,
      "std": 0.000375,
      "mean_per_query_entropy": 0.3322
    },
    "edge_count": 60166
  }
}