{
  "A_baseline": {
    "recall_at_10": 0.43633333333333335,
    "mrr_at_10": 0.4952222222222222
  },
  "B_hyp_no_grad": {
    "recall_at_10": 0.43633333333333335,
    "mrr_at_10": 0.4952222222222222,
    "total_hypotheses": 1372,
    "candidates": 1011,
    "observed": 217,
    "confirmed": 144,
    "forgotten": 0
  },
  "C_full_ecology": {
    "recall_at_10": 0.43633333333333335,
    "mrr_at_10": 0.4952222222222222,
    "total_hypotheses": 1372,
    "candidates": 1011,
    "observed": 217,
    "confirmed": 144,
    "forgotten": 0,
    "graduated_edges": 288,
    "edge_density_pct": 0.4626506024096385,
    "edge_types": [
      [
        "co_activates",
        288
      ]
    ]
  }
}