{
  "A_baseline": {
    "recall": 0.43633333333333335,
    "mrr": 0.4952222222222222,
    "activation": {
      "total_hits": 500,
      "nonzero_bonuses": 0,
      "distinct_bonus_values": 1,
      "mean": 0.0,
      "std": 0.0,
      "mean_per_query_entropy": 1.0
    }
  },
  "B_ecology": {
    "recall": 0.43633333333333335,
    "mrr": 0.4952222222222222,
    "activation": {
      "total_hits": 500,
      "nonzero_bonuses": 0,
      "distinct_bonus_values": 1,
      "mean": 0.0,
      "std": 0.0,
      "mean_per_query_entropy": 1.0
    },
    "hypotheses": 1372,
    "confirmed": 131,
    "graduated_edges": 262,
    "density": 0.4208835341365462
  },
  "C_ecology_activation": {
    "recall": 0.43633333333333335,
    "mrr": 0.2287857142857143,
    "activation": {
      "total_hits": 500,
      "nonzero_bonuses": 177,
      "distinct_bonus_values": 73,
      "mean": 0.168258,
      "std": 0.227926,
      "mean_per_query_entropy": 0.5993
    },
    "hypotheses": 1372,
    "confirmed": 131,
    "graduated_edges": 262,
    "density": 0.4208835341365462
  },
  "D_entity_activation": {
    "recall": 0.43633333333333335,
    "mrr": 0.4952222222222222,
    "activation": {
      "total_hits": 500,
      "nonzero_bonuses": 500,
      "distinct_bonus_values": 3,
      "mean": 0.499768,
      "std": 0.005171,
      "mean_per_query_entropy": 0.3322
    },
    "edge_count": 60166
  }
}